MeasureID,PlotID,Plot,Family,GenusSpecies,Genus,SpeciesName,SubSpeciesName,SpeciesID,Mnemonic,QuadratID,QuadratName,x,y,gx,gy,TreeID,Tag,StemID,StemTag,PrimaryStem,CensusID,PlotCensusNumber,DBH,HOM,ExactDate,ListOfTSM,Status
2,1,bci,Lecythidaceae,Gustavia superba,Gustavia,superba,NULL,460,gustsu,1250,4924,28.2,16.6,994.1,488.3,19,000002,1,NA,main,6,6,304,3,2005-10-14,"B,cylY",alive
3,1,bci,Myristicaceae,Virola surinamensis,Virola,surinamensis,NULL,1075,virosu,1250,4924,21,17.8,990.5,488.9,21,000004,1,NA,main,6,6,357,1.3,2005-10-11,NULL,alive
4,1,bci,Malvaceae,Quararibea asterolepis,Quararibea,asterolepis,NULL,871,quaras,1250,4924,27,36.6,993.5,498.3,23,000006,7,NULL,main,6,6,313,3,2005-10-14,"B,cylY",alive
8550,1,bci,Euphorbiaceae,Sapium glandulosum,Sapium,glandulosum,NULL,921,sapiau,1250,4924,1.2,9.8,980.6,484.9,10986,014886,1,NA,main,6,6,192,1.3,2005-10-11,NULL,alive
8551,1,bci,Burseraceae,Trattinnickia aspera,Trattinnickia,aspera,NULL,1022,tratas,1250,4924,3.8,5,981.9,482.5,10987,014900,1,NA,main,6,6,468,1.3,2005-10-11,NULL,alive
11681,1,bci,Bignoniaceae,Jacaranda copaia,Jacaranda,copaia,NULL,540,jac1co,1250,4924,8.2,26.4,984.1,493.2,15681,019761,1,NA,main,6,6,150,1.3,2005-10-11,NULL,alive
11682,1,bci,Sapotaceae,Chrysophyllum argenteum,Chrysophyllum,argenteum,NULL,1118,chr2ar,1250,4924,8.2,24.4,984.1,492.2,15682,019762,1,NA,main,6,6,52,1.3,2005-10-11,NULL,alive
11683,1,bci,Fabaceae-papilionoideae,Pterocarpus rohrii,Pterocarpus,rohrii,NULL,869,pterro,1250,4924,9,36,984.5,498,15683,019763,2,NA,main,6,6,NA,NA,2005-10-11,"D,T",dead
11684,1,bci,Violaceae,Hybanthus prunifolius,Hybanthus,prunifolius,NULL,494,hybapr,1250,4924,4.4,30.4,982.2,495.2,15684,019764,1,NA,main,6,6,23,1.3,2005-10-11,NULL,alive
11685,1,bci,Violaceae,Hybanthus prunifolius,Hybanthus,prunifolius,NULL,494,hybapr,1250,4924,10.4,31,985.2,495.5,15686,019766,7,NULL,main,6,6,NA,NA,2005-10-11,"D,C",dead
11686,1,bci,Violaceae,Hybanthus prunifolius,Hybanthus,prunifolius,NULL,494,hybapr,1250,4924,12,28.4,986,494.2,15687,019767,1,NA,main,6,6,32,1.3,2005-10-11,L,alive
11687,1,bci,Salicaceae,Laetia thamnia,Laetia,thamnia,NULL,553,laetth,1250,4924,13,29,986.5,494.5,15688,019768,1,NA,main,6,6,44,1.3,2005-10-11,L,alive
11688,1,bci,Violaceae,Hybanthus prunifolius,Hybanthus,prunifolius,NULL,494,hybapr,1250,4924,24.6,32.8,992.3,496.4,15689,019769,1,NA,main,6,6,21,1.3,2005-10-11,L,alive
11689,1,bci,Chrysobalanaceae,Hirtella triandra,Hirtella,triandra,NULL,487,hirttr,1250,4924,29.6,39,994.8,499.5,15691,019771,1,NA,main,6,6,38,1.3,2005-10-11,NULL,alive
11690,1,bci,Meliaceae,Guarea guidonia,Guarea,guidonia,NULL,435,guargu,1250,4924,38.6,39.2,999.3,499.6,15694,019774,2,NA,main,6,6,NA,NA,2005-10-11,"D,C",dead
11691,1,bci,Violaceae,Hybanthus prunifolius,Hybanthus,prunifolius,NULL,494,hybapr,1250,4924,34,31.4,997,495.7,15695,019775,10,NULL,main,6,6,17,1.3,2005-10-11,M,alive
11692,1,bci,Violaceae,Hybanthus prunifolius,Hybanthus,prunifolius,NULL,494,hybapr,1250,4924,34,31.4,997,495.7,15695,019775,11,NULL,secondary,6,6,13,1.3,2005-10-11,NULL,alive
11693,1,bci,Violaceae,Hybanthus prunifolius,Hybanthus,prunifolius,NULL,494,hybapr,1250,4924,38.4,10.6,999.2,485.3,15696,019776,1,NA,main,6,6,18,1.3,2005-10-11,NULL,alive
11694,1,bci,Malvaceae,Herrania purpurea,Herrania,purpurea,NULL,478,herrpu,1250,4924,39.4,11.8,999.7,485.9,15697,019777,4,NULL,main,6,6,20,1.3,2005-10-11,NULL,alive
11695,1,bci,Rubiaceae,Pentagonia macrophylla,Pentagonia,macrophylla,NULL,750,pentma,1250,4924,8.4,29,984.2,494.5,15698,019778,11,NULL,main,6,6,33,1.3,2005-10-11,M,alive
11696,1,bci,Rubiaceae,Pentagonia macrophylla,Pentagonia,macrophylla,NULL,750,pentma,1250,4924,8.4,29,984.2,494.5,15698,019778,12,NULL,secondary,6,6,20,1.3,2005-10-11,NULL,alive
11697,1,bci,Rubiaceae,Pentagonia macrophylla,Pentagonia,macrophylla,NULL,750,pentma,1250,4924,8.4,29,984.2,494.5,15698,019778,13,NULL,secondary,6,6,17,1.3,2005-10-11,NULL,alive
11698,1,bci,Rubiaceae,Pentagonia macrophylla,Pentagonia,macrophylla,NULL,750,pentma,1250,4924,8.4,29,984.2,494.5,15698,019778,14,NULL,secondary,6,6,17,1.3,2005-10-11,NULL,alive
11699,1,bci,Rubiaceae,Pentagonia macrophylla,Pentagonia,macrophylla,NULL,750,pentma,1250,4924,8.4,29,984.2,494.5,15698,019778,15,NULL,secondary,6,6,14,1.3,2005-10-11,NULL,alive
11700,1,bci,Rubiaceae,Pentagonia macrophylla,Pentagonia,macrophylla,NULL,750,pentma,1250,4924,8.4,29,984.2,494.5,15698,019778,16,NULL,secondary,6,6,14,1.3,2005-10-11,NULL,alive
11701,1,bci,Rubiaceae,Pentagonia macrophylla,Pentagonia,macrophylla,NULL,750,pentma,1250,4924,8.4,29,984.2,494.5,15698,019778,17,NULL,secondary,6,6,14,1.3,2005-10-11,NULL,alive
11702,1,bci,Rubiaceae,Pentagonia macrophylla,Pentagonia,macrophylla,NULL,750,pentma,1250,4924,8.4,29,984.2,494.5,15698,019778,18,NULL,secondary,6,6,13,1.3,2005-10-11,NULL,alive
80690,1,bci,Fabaceae-papilionoideae,Andira inermis,Andira,inermis,NULL,46,andiin,1250,4924,5,3.8,982.5,481.9,113203,129161,1,NA,main,6,6,47,1.3,2005-10-11,NULL,alive
80691,1,bci,Burseraceae,Protium costaricense,Protium,costaricense,NULL,825,protco,1250,4924,6,6.2,983,483.1,113204,129162,1,NA,main,6,6,NA,NA,2005-10-11,"D,S",dead
80692,1,bci,Meliaceae,Trichilia tuberculata,Trichilia,tuberculata,NULL,1169,tri2tu,1250,4924,4,7,982,483.5,113205,129163,1,NA,main,6,6,42,1.3,2005-10-11,NULL,alive
80693,1,bci,Fabaceae-papilionoideae,Swartzia simplex,Swartzia,simplex,var.ochnacea,980,swars2,1250,4924,9,5,984.5,482.5,113208,129166,1,NA,main,6,6,40,1.3,2005-10-11,NULL,alive
80694,1,bci,Fabaceae-caesalpinioideae,Tachigali versicolor,Tachigali,versicolor,NULL,995,tachve,1250,4924,4.4,13.2,982.2,486.6,113209,129167,8,NULL,main,6,6,29,1.3,2005-10-11,M,alive
80695,1,bci,Fabaceae-caesalpinioideae,Tachigali versicolor,Tachigali,versicolor,NULL,995,tachve,1250,4924,4.4,13.2,982.2,486.6,113209,129167,9,NULL,secondary,6,6,16,1.3,2005-10-11,NULL,alive
80696,1,bci,Myrsinaceae,Stylogyne turbacensis,Stylogyne,turbacensis,NULL,1166,stylst,1250,4924,2.4,13,981.2,486.5,113210,129168,8,NULL,main,6,6,NA,NA,2005-10-11,"D,S",dead
80697,1,bci,Rubiaceae,Psychotria horizontalis,Psychotria,horizontalis,NULL,850,psycho,1250,4924,4.8,28.2,982.4,494.1,113213,129172,2,NA,main,6,6,NA,NA,2005-10-11,"D,C",dead
80698,1,bci,Moraceae,Trophis caucana,Trophis,caucana,NULL,1170,olmeas,1250,4924,5.2,27.6,982.6,493.8,113214,129173,9,NULL,main,6,6,NA,NA,2005-10-11,"D,T",dead
80699,1,bci,Rubiaceae,Faramea occidentalis,Faramea,occidentalis,NULL,379,faraoc,1250,4924,0.6,30.2,980.3,495.1,113216,129175,1,NA,main,6,6,61,1.3,2005-10-11,NULL,alive
80700,1,bci,Violaceae,Hybanthus prunifolius,Hybanthus,prunifolius,NULL,494,hybapr,1250,4924,5,31.4,982.5,495.7,113217,129176,1,NA,main,6,6,27,1.3,2005-10-11,NULL,alive
80701,1,bci,Rubiaceae,Psychotria horizontalis,Psychotria,horizontalis,NULL,850,psycho,1250,4924,6.6,32,983.3,496,113218,129177,1,NA,main,6,6,28,1.3,2005-10-11,NULL,alive
80702,1,bci,Rubiaceae,Psychotria horizontalis,Psychotria,horizontalis,NULL,850,psycho,1250,4924,7.8,32.6,983.9,496.3,113219,129178,1,NA,main,6,6,NA,NA,2005-10-11,"D,S",dead
80703,1,bci,Myrsinaceae,Stylogyne turbacensis,Stylogyne,turbacensis,NULL,1166,stylst,1250,4924,8.6,33.6,984.3,496.8,113220,129179,2,NA,main,6,6,18,1.3,2005-10-11,NULL,alive
80704,1,bci,Boraginaceae,Cordia lasiocalyx,Cordia,lasiocalyx,NULL,269,cordla,1250,4924,5.2,33.6,982.6,496.8,113222,129181,1,NA,main,6,6,30,1.3,2005-10-11,NULL,alive
80705,1,bci,Sapindaceae,Talisia nervosa,Talisia,nervosa,NULL,998,taline,1250,4924,8,37.6,984,498.8,113225,129185,1,NA,main,6,6,27,1.3,2005-10-11,NULL,alive
80706,1,bci,Burseraceae,Tetragastris panamensis,Tetragastris,panamensis,NULL,1007,tet2pa,1250,4924,7.8,38.2,983.9,499.1,113227,129187,1,NA,main,6,6,45,1.3,2005-10-11,NULL,alive
80707,1,bci,Meliaceae,Trichilia tuberculata,Trichilia,tuberculata,NULL,1169,tri2tu,1250,4924,6,37.6,983,498.8,113228,129189,1,NA,main,6,6,30,1.3,2005-10-11,NULL,alive
80708,1,bci,Burseraceae,Protium tenuifolium,Protium,tenuifolium,NULL,828,protte,1250,4924,1,39.6,980.5,499.8,113229,129190,1,NA,main,6,6,79,1.3,2005-10-11,NULL,alive
80709,1,bci,Meliaceae,Trichilia tuberculata,Trichilia,tuberculata,NULL,1169,tri2tu,1250,4924,1.6,39.2,980.8,499.6,113230,129191,1,NA,main,6,6,39,1.3,2005-10-11,NULL,alive
80710,1,bci,Rubiaceae,Faramea occidentalis,Faramea,occidentalis,NULL,379,faraoc,1250,4924,0.8,37.2,980.4,498.6,113231,129192,2,NA,main,6,6,16,1.3,2005-10-11,NULL,alive
80711,1,bci,Violaceae,Hybanthus prunifolius,Hybanthus,prunifolius,NULL,494,hybapr,1250,4924,10.6,36.4,985.3,498.2,113233,129194,1,NA,main,6,6,20,1.3,2005-10-11,NULL,alive
80712,1,bci,Violaceae,Hybanthus prunifolius,Hybanthus,prunifolius,NULL,494,hybapr,1250,4924,12,34.8,986,497.4,113235,129196,1,NA,main,6,6,15,1.3,2005-10-11,NULL,alive
80713,1,bci,Siparunaceae,Siparuna pauciflora,Siparuna,pauciflora,NULL,940,sipapa,1250,4924,14,33.6,987,496.8,113236,129197,23,NULL,main,6,6,NA,NA,2005-10-11,R,alive
80714,1,bci,Moraceae,Sorocea affinis,Sorocea,affinis,NULL,958,soroaf,1250,4924,14.8,39.4,987.4,499.7,113240,129202,1,NA,main,6,6,45,1.3,2005-10-11,NULL,alive
80715,1,bci,Meliaceae,Trichilia tuberculata,Trichilia,tuberculata,NULL,1169,tri2tu,1250,4924,14,26.4,987,493.2,113244,129206,1,NA,main,6,6,33,1.3,2005-10-11,NULL,alive
80716,1,bci,Malvaceae,Quararibea asterolepis,Quararibea,asterolepis,NULL,871,quaras,1250,4924,17,27,988.5,493.5,113245,129207,1,NA,main,6,6,22,1.3,2005-10-11,NULL,alive
80717,1,bci,Clusiaceae,Chrysochlamys eclipes,Chrysochlamys,eclipes,NULL,198,chr1ec,1250,4924,12.2,6.4,986.1,483.2,113250,129215,13,NULL,main,6,6,72,1.3,2005-10-11,NULL,alive
80718,1,bci,Violaceae,Hybanthus prunifolius,Hybanthus,prunifolius,NULL,494,hybapr,1250,4924,13,8.4,986.5,484.2,113251,129216,5,NULL,main,6,6,19,1.3,2005-10-11,M,alive
80719,1,bci,Violaceae,Hybanthus prunifolius,Hybanthus,prunifolius,NULL,494,hybapr,1250,4924,13,8.4,986.5,484.2,113251,129216,6,NULL,secondary,6,6,10,1.3,2005-10-11,NULL,alive
80720,1,bci,Fabaceae-papilionoideae,Pterocarpus rohrii,Pterocarpus,rohrii,NULL,869,pterro,1250,4924,22.2,3.8,991.1,481.9,113252,129217,1,NA,main,6,6,83,1.3,2005-10-11,NULL,alive
80721,1,bci,Arecaceae,Oenocarpus mapora,Oenocarpus,mapora,NULL,1145,oenoma,1250,4924,25,3.2,992.5,481.6,113253,129218,33,NULL,main,6,6,114,1.3,2005-10-11,M,alive
80722,1,bci,Arecaceae,Oenocarpus mapora,Oenocarpus,mapora,NULL,1145,oenoma,1250,4924,25,3.2,992.5,481.6,113253,129218,34,NULL,secondary,6,6,109,1.3,2005-10-11,NULL,alive
80723,1,bci,Arecaceae,Oenocarpus mapora,Oenocarpus,mapora,NULL,1145,oenoma,1250,4924,25,3.2,992.5,481.6,113253,129218,35,NULL,secondary,6,6,99,1.3,2005-10-11,NULL,alive
80724,1,bci,Arecaceae,Oenocarpus mapora,Oenocarpus,mapora,NULL,1145,oenoma,1250,4924,25,3.2,992.5,481.6,113253,129218,36,NULL,secondary,6,6,95,1.3,2005-10-11,NULL,alive
80725,1,bci,Arecaceae,Oenocarpus mapora,Oenocarpus,mapora,NULL,1145,oenoma,1250,4924,25,3.2,992.5,481.6,113253,129218,37,NULL,secondary,6,6,83,1.3,2005-10-11,NULL,alive
80726,1,bci,Burseraceae,Tetragastris panamensis,Tetragastris,panamensis,NULL,1007,tet2pa,1250,4924,23.6,9,991.8,484.5,113255,129220,1,NA,main,6,6,132,1.3,2005-10-11,NULL,alive
80727,1,bci,Capparaceae,Capparis frondosa,Capparis,frondosa,NULL,149,cappfr,1250,4924,23,9.6,991.5,484.8,113256,129221,6,NULL,main,6,6,31,1.3,2005-10-11,M,alive
80728,1,bci,Capparaceae,Capparis frondosa,Capparis,frondosa,NULL,149,cappfr,1250,4924,23,9.6,991.5,484.8,113256,129221,7,NULL,secondary,6,6,16,1.3,2005-10-11,NULL,alive
80729,1,bci,Meliaceae,Trichilia tuberculata,Trichilia,tuberculata,NULL,1169,tri2tu,1250,4924,22.4,9.2,991.2,484.6,113257,129222,1,NA,main,6,6,18,1.3,2005-10-11,NULL,alive
80730,1,bci,Chrysobalanaceae,Hirtella triandra,Hirtella,triandra,NULL,487,hirttr,1250,4924,21,10.2,990.5,485.1,113259,129224,4,NULL,main,6,6,40,1.3,2005-10-11,M,alive
80731,1,bci,Chrysobalanaceae,Hirtella triandra,Hirtella,triandra,NULL,487,hirttr,1250,4924,21,10.2,990.5,485.1,113259,129224,5,NULL,secondary,6,6,36,1.3,2005-10-11,NULL,alive
80732,1,bci,Erythropalaceae,Heisteria concinna,Heisteria,concinna,NULL,469,heisco,1250,4924,21.6,10,990.8,485,113260,129225,1,NA,main,6,6,30,1.3,2005-10-11,NULL,alive
80733,1,bci,Annonaceae,Desmopsis panamensis,Desmopsis,panamensis,NULL,316,des2pa,1250,4924,29.6,10.8,994.8,485.4,113264,129229,7,NULL,main,6,6,22,1.3,2005-10-11,M,alive
80734,1,bci,Annonaceae,Desmopsis panamensis,Desmopsis,panamensis,NULL,316,des2pa,1250,4924,29.6,10.8,994.8,485.4,113264,129229,8,NULL,secondary,6,6,12,1.3,2005-10-11,NULL,alive
80735,1,bci,Moraceae,Brosimum alicastrum,Brosimum,alicastrum,NULL,108,brosal,1250,4924,29.2,11,994.6,485.5,113265,129230,1,NA,main,6,6,38,1.3,2005-10-11,NULL,alive
80736,1,bci,Ochnaceae,Ouratea lucens,Ouratea,lucens,NULL,729,ouralu,1250,4924,28.2,13.8,994.1,486.9,113266,129231,1,NA,main,6,6,24,1.3,2005-10-11,NULL,alive
80737,1,bci,Rubiaceae,Faramea occidentalis,Faramea,occidentalis,NULL,379,faraoc,1250,4924,29,14,994.5,487,113267,129232,1,NA,main,6,6,32,1.3,2005-10-11,NULL,alive
80738,1,bci,Myrtaceae,Eugenia galalonensis,Eugenia,galalonensis,NULL,360,eugega,1250,4924,30.4,17,995.2,488.5,113268,129233,1,NA,main,6,6,33,1.3,2005-10-11,NULL,alive
80739,1,bci,Myristicaceae,Virola surinamensis,Virola,surinamensis,NULL,1075,virosu,1250,4924,27,14.8,993.5,487.4,113269,129234,1,NA,main,6,6,355,1.3,2005-10-14,"B,cylN",alive
80740,1,bci,Myristicaceae,Virola surinamensis,Virola,surinamensis,NULL,1075,virosu,1250,4924,27,14.8,993.5,487.4,113269,129234,1,NA,main,6,6,299,3,2005-10-14,"B,cylY",alive
80741,1,bci,Moraceae,Brosimum alicastrum,Brosimum,alicastrum,NULL,108,brosal,1250,4924,26,18,993,489,113271,129236,1,NA,main,6,6,48,1.3,2005-10-11,NULL,alive
80742,1,bci,Meliaceae,Trichilia tuberculata,Trichilia,tuberculata,NULL,1169,tri2tu,1250,4924,26,18.6,993,489.3,113272,129237,3,NULL,main,6,6,31,1.3,2005-10-11,NULL,alive
80743,1,bci,Moraceae,Poulsenia armata,Poulsenia,armata,NULL,802,poular,1250,4924,24,19.6,992,489.8,113273,129238,1,NA,main,6,6,48,1.3,2005-10-11,NULL,alive
80744,1,bci,Moraceae,Sorocea affinis,Sorocea,affinis,NULL,958,soroaf,1250,4924,27.8,18.6,993.9,489.3,113275,129241,1,NA,main,6,6,13,1.3,2005-10-11,NULL,alive
80745,1,bci,Myristicaceae,Virola sebifera,Virola,sebifera,NULL,1072,virose,1250,4924,28.8,22.2,994.4,491.1,113276,129242,1,NA,main,6,6,73,1.3,2005-10-11,NULL,alive
80746,1,bci,Fabaceae-papilionoideae,Swartzia simplex,Swartzia,simplex,var.ochnacea,980,swars2,1250,4924,27,23,993.5,491.5,113277,129243,1,NA,main,6,6,21,1.3,2005-10-11,NULL,alive
80747,1,bci,Rubiaceae,Faramea occidentalis,Faramea,occidentalis,NULL,379,faraoc,1250,4924,29.4,23.4,994.7,491.7,113278,129244,1,NA,main,6,6,24,1.3,2005-10-11,NULL,alive
80748,1,bci,Rubiaceae,Faramea occidentalis,Faramea,occidentalis,NULL,379,faraoc,1250,4924,24.4,28,992.2,494,113280,129246,1,NA,main,6,6,NA,NA,2005-10-11,"D,S",dead
80749,1,bci,Chrysobalanaceae,Hirtella triandra,Hirtella,triandra,NULL,487,hirttr,1250,4924,21.8,27,990.9,493.5,113281,129247,1,NA,main,6,6,123,1.3,2005-10-11,NULL,alive
80750,1,bci,Rubiaceae,Alseis blackiana,Alseis,blackiana,NULL,33,alsebl,1250,4924,22.4,26.8,991.2,493.4,113282,129248,1,NA,main,6,6,220,1.3,2005-10-11,NULL,alive
80751,1,bci,Sapindaceae,Talisia nervosa,Talisia,nervosa,NULL,998,taline,1250,4924,27.6,30.2,993.8,495.1,113285,129251,1,NA,main,6,6,33,1.3,2005-10-11,NULL,alive
80752,1,bci,Violaceae,Hybanthus prunifolius,Hybanthus,prunifolius,NULL,494,hybapr,1250,4924,28.2,39.4,994.1,499.7,113288,129255,1,NA,main,6,6,26,1.3,2005-10-11,NULL,alive
80753,1,bci,Salicaceae,Casearia aculeata,Casearia,aculeata,NULL,158,caseac,1250,4924,24.4,39.2,992.2,499.6,113289,129256,8,NULL,main,6,6,NA,NA,2005-10-11,R,alive
80754,1,bci,Fabaceae-papilionoideae,Ormosia coccinea,Ormosia,coccinea,NULL,1146,ormocr,1250,4924,25.8,38,992.9,499,113290,129257,2,NA,main,6,6,NA,NA,2005-10-11,OR,alive
80755,1,bci,Fabaceae-mimosoideae,Inga pezizifera,Inga,pezizifera,NULL,516,ingape,1250,4924,32.8,31.6,996.4,495.8,113292,129259,1,NA,main,6,6,65,1.3,2005-10-11,NULL,alive
80756,1,bci,Chrysobalanaceae,Hirtella triandra,Hirtella,triandra,NULL,487,hirttr,1250,4924,32.2,30,996.1,495,113294,129261,1,NA,main,6,6,34,1.2,2005-10-11,NULL,alive
80757,1,bci,Burseraceae,Protium panamense,Protium,panamense,NULL,827,protpa,1250,4924,39.4,31.4,999.7,495.7,113296,129263,1,NA,main,6,6,32,1.3,2005-10-11,NULL,alive
80758,1,bci,Rubiaceae,Pentagonia macrophylla,Pentagonia,macrophylla,NULL,750,pentma,1250,4924,36.6,36.8,998.3,498.4,113298,129265,1,NA,main,6,6,27,1.3,2005-10-11,NULL,alive
80759,1,bci,Rubiaceae,Faramea occidentalis,Faramea,occidentalis,NULL,379,faraoc,1250,4924,32.4,21.8,996.2,490.9,113300,129267,1,NA,main,6,6,41,1.3,2005-10-11,NULL,alive
80760,1,bci,Chrysobalanaceae,Hirtella triandra,Hirtella,triandra,NULL,487,hirttr,1250,4924,35.8,19.6,997.9,489.8,113304,129271,1,NA,main,6,6,197,1.3,2005-10-11,NULL,alive
80761,1,bci,Violaceae,Hybanthus prunifolius,Hybanthus,prunifolius,NULL,494,hybapr,1250,4924,32.4,18.4,996.2,489.2,113305,129272,11,NULL,main,6,6,37,1.3,2005-10-11,R,alive
80762,1,bci,Malvaceae,Quararibea asterolepis,Quararibea,asterolepis,NULL,871,quaras,1250,4924,32.8,13.8,996.4,486.9,113307,129274,1,NA,main,6,6,55,1.3,2005-10-11,NULL,alive
80763,1,bci,Myristicaceae,Virola sebifera,Virola,sebifera,NULL,1072,virose,1250,4924,32.4,10.2,996.2,485.1,113308,129275,1,NA,main,6,6,34,1.3,2005-10-11,NULL,alive
80764,1,bci,Clusiaceae,Chrysochlamys eclipes,Chrysochlamys,eclipes,NULL,198,chr1ec,1250,4924,38.2,11.4,999.1,485.7,113312,129279,2,NA,main,6,6,NA,NA,2005-10-11,"D,N",dead
80765,1,bci,Violaceae,Hybanthus prunifolius,Hybanthus,prunifolius,NULL,494,hybapr,1250,4924,38.4,10.2,999.2,485.1,113313,129280,1,NA,main,6,6,18,1.3,2005-10-11,NULL,alive
80766,1,bci,Moraceae,Sorocea affinis,Sorocea,affinis,NULL,958,soroaf,1250,4924,38.2,2,999.1,481,113319,129286,1,NA,main,6,6,47,1.3,2005-10-11,NULL,alive
80767,1,bci,Elaeocarpaceae,Sloanea terniflora,Sloanea,terniflora,NULL,1162,sloate,1250,4924,37.8,2.2,998.9,481.1,113320,129287,1,NA,main,6,6,170,1.3,2005-10-11,Q,alive
192736,1,bci,Meliaceae,Trichilia tuberculata,Trichilia,tuberculata,NULL,1169,tri2tu,1250,4924,4.6,5.4,982.3,482.7,268468,314569,1,NA,main,6,6,29,1.3,2005-10-11,NULL,alive
192737,1,bci,Rutaceae,Zanthoxylum acuminatum,Zanthoxylum,acuminatum,NULL,1099,zantpr,1250,4924,4.2,7.2,982.1,483.6,268469,314570,1,NA,main,6,6,26,1.3,2005-10-11,NULL,alive
192738,1,bci,Rubiaceae,Pentagonia macrophylla,Pentagonia,macrophylla,NULL,750,pentma,1250,4924,5,16.8,982.5,488.4,268470,314571,1,NA,main,6,6,NA,NA,2005-10-11,"D,N",dead
192739,1,bci,Chrysobalanaceae,Hirtella triandra,Hirtella,triandra,NULL,487,hirttr,1250,4924,7.8,27.4,983.9,493.7,268473,314574,1,NA,main,6,6,14,1.3,2005-10-11,NULL,alive
192740,1,bci,Piperaceae,Piper aequale,Piper,aequale,NULL,765,pipeae,1250,4924,3.2,22.8,981.6,491.4,268477,314578,14,NULL,main,6,6,31,1.3,2005-10-11,"L,M",alive
192741,1,bci,Piperaceae,Piper aequale,Piper,aequale,NULL,765,pipeae,1250,4924,3.2,22.8,981.6,491.4,268477,314578,15,NULL,secondary,6,6,23,1.3,2005-10-11,NULL,alive
192742,1,bci,Burseraceae,Tetragastris panamensis,Tetragastris,panamensis,NULL,1007,tet2pa,1250,4924,6.4,23.4,983.2,491.7,268478,314579,1,NA,main,6,6,25,1.3,2005-10-11,NULL,alive
192743,1,bci,Rubiaceae,Faramea occidentalis,Faramea,occidentalis,NULL,379,faraoc,1250,4924,9.8,26.6,984.9,493.3,268479,314580,4,NULL,main,6,6,34,1.3,2005-10-11,NULL,alive
192744,1,bci,Fabaceae-papilionoideae,Dipteryx oleifera,Dipteryx,oleifera,NULL,1123,diptpa,1250,4924,5.4,37,982.7,498.5,268485,314586,1,NA,main,6,6,12,1.3,2005-10-11,NULL,alive
192745,1,bci,Violaceae,Hybanthus prunifolius,Hybanthus,prunifolius,NULL,494,hybapr,1250,4924,14,30.2,987,495.1,268486,314587,1,NA,main,6,6,15,1.3,2005-10-11,NULL,alive
192746,1,bci,Rubiaceae,Psychotria horizontalis,Psychotria,horizontalis,NULL,850,psycho,1250,4924,13.4,26.4,986.7,493.2,268487,314588,4,NULL,main,6,6,14,1.3,2005-10-11,NULL,alive
192747,1,bci,Boraginaceae,Cordia alliodora,Cordia,alliodora,NULL,262,cordal,1250,4924,10.8,18.6,985.4,489.3,268491,314592,1,NA,main,6,6,33,1.3,2005-10-11,NULL,alive
192748,1,bci,Clusiaceae,Marila laxiflora,Marila,laxiflora,NULL,610,mar1la,1250,4924,3.8,22.4,981.9,491.2,268493,314594,2,NA,main,6,6,14,1.3,2005-10-11,NULL,alive
192749,1,bci,Lacistemataceae,Lacistema aggregatum,Lacistema,aggregatum,NULL,548,laciag,1250,4924,23.2,4.2,991.6,482.1,268494,314595,1,NA,main,6,6,20,1.3,2005-10-11,NULL,alive
192750,1,bci,Meliaceae,Trichilia tuberculata,Trichilia,tuberculata,NULL,1169,tri2tu,1250,4924,26,9.8,993,484.9,268495,314596,2,NULL,main,6,6,16,1.3,2005-10-11,M,alive
192751,1,bci,Meliaceae,Trichilia tuberculata,Trichilia,tuberculata,NULL,1169,tri2tu,1250,4924,26,9.8,993,484.9,268495,314596,3,NULL,secondary,6,6,15,1.3,2005-10-11,NULL,alive
192752,1,bci,Meliaceae,Trichilia tuberculata,Trichilia,tuberculata,NULL,1169,tri2tu,1250,4924,27.6,16.4,993.8,488.2,268496,314597,2,NA,main,6,6,NA,NA,2005-10-11,R,alive
192753,1,bci,Violaceae,Hybanthus prunifolius,Hybanthus,prunifolius,NULL,494,hybapr,1250,4924,29.6,14,994.8,487,268497,314598,1,NA,main,6,6,11,1.3,2005-10-11,NULL,alive
192754,1,bci,Meliaceae,Trichilia tuberculata,Trichilia,tuberculata,NULL,1169,tri2tu,1250,4924,30.6,34,995.3,497,268499,314600,1,NA,main,6,6,17,1.3,2005-10-11,NULL,alive
192755,1,bci,Chrysobalanaceae,Licania platypus,Licania,platypus,NULL,572,licapl,1250,4924,30.8,34.6,995.4,497.3,268500,314601,1,NA,main,6,6,13,1.3,2005-10-11,NULL,alive
192756,1,bci,Fabaceae-papilionoideae,Swartzia simplex,Swartzia,simplex,var.ochnacea,980,swars2,1250,4924,32.2,32,996.1,496,268501,314602,1,NA,main,6,6,13,1.3,2005-10-11,NULL,alive
192757,1,bci,Moraceae,Maquira guianensis,Maquira,guianensis,NULL,1137,maquco,1250,4924,32.2,32,996.1,496,268502,314603,1,NA,main,6,6,16,1.3,2005-10-11,NULL,alive
192758,1,bci,Violaceae,Hybanthus prunifolius,Hybanthus,prunifolius,NULL,494,hybapr,1250,4924,36.4,34.6,998.2,497.3,268505,314606,1,NA,main,6,6,20,1.3,2005-10-11,L,alive
192759,1,bci,Meliaceae,Guarea guidonia,Guarea,guidonia,NULL,435,guargu,1250,4924,34.4,39.6,997.2,499.8,268507,314608,1,NA,main,6,6,19,1.3,2005-10-11,NULL,alive
192760,1,bci,Fabaceae-mimosoideae,Inga pezizifera,Inga,pezizifera,NULL,516,ingape,1250,4924,33.8,37.6,996.9,498.8,268508,314609,1,NA,main,6,6,39,1.3,2005-10-11,NULL,alive
192761,1,bci,Clusiaceae,Calophyllum longifolium,Calophyllum,longifolium,NULL,135,calolo,1250,4924,39.4,29.2,999.7,494.6,268509,314610,2,NA,main,6,6,NA,NA,2005-10-11,OR,alive
192762,1,bci,Meliaceae,Trichilia tuberculata,Trichilia,tuberculata,NULL,1169,tri2tu,1250,4924,39.8,28.8,999.9,494.4,268510,314611,1,NA,main,6,6,13,1.3,2005-10-11,NULL,alive
192763,1,bci,Myrsinaceae,Stylogyne turbacensis,Stylogyne,turbacensis,NULL,1166,stylst,1250,4924,32.6,25.4,996.3,492.7,268511,314612,1,NA,main,6,6,11,1.3,2005-10-11,NULL,alive
192764,1,bci,Burseraceae,Protium tenuifolium,Protium,tenuifolium,NULL,828,protte,1250,4924,31.2,19.6,995.6,489.8,268512,314613,1,NA,main,6,6,11,1.3,2005-10-11,NULL,alive
192765,1,bci,Fabaceae-mimosoideae,Inga pezizifera,Inga,pezizifera,NULL,516,ingape,1250,4924,39.6,18,999.8,489,268513,314614,2,NA,main,6,6,NA,NA,2005-10-11,"D,C",dead
192766,1,bci,Rubiaceae,Faramea occidentalis,Faramea,occidentalis,NULL,379,faraoc,1250,4924,38,18.8,999,489.4,268514,314615,1,NA,main,6,6,16,1.3,2005-10-11,NULL,alive
223751,1,bci,Violaceae,Hybanthus prunifolius,Hybanthus,prunifolius,NULL,494,hybapr,1250,4924,6.8,38.6,983.4,499.3,305732,449609,1,NA,main,6,6,12,1.3,2005-10-11,NULL,alive
223752,1,bci,Burseraceae,Protium panamense,Protium,panamense,NULL,827,protpa,1250,4924,12,34,986,497,305733,449610,1,NA,main,6,6,21,1.3,2005-10-11,NULL,alive
223753,1,bci,Rubiaceae,Pentagonia macrophylla,Pentagonia,macrophylla,NULL,750,pentma,1250,4924,10.6,23.8,985.3,491.9,305734,449611,1,NA,main,6,6,17,1.3,2005-10-11,NULL,alive
223754,1,bci,Violaceae,Hybanthus prunifolius,Hybanthus,prunifolius,NULL,494,hybapr,1250,4924,10.6,21.8,985.3,490.9,305735,449612,1,NA,main,6,6,20,1.3,2005-10-11,NULL,alive
223755,1,bci,Meliaceae,Trichilia tuberculata,Trichilia,tuberculata,NULL,1169,tri2tu,1250,4924,26.2,9.6,993.1,484.8,305738,449615,6,NULL,main,6,6,23,1.3,2005-10-11,M,alive
223756,1,bci,Meliaceae,Trichilia tuberculata,Trichilia,tuberculata,NULL,1169,tri2tu,1250,4924,26.2,9.6,993.1,484.8,305738,449615,7,NULL,secondary,6,6,10,1.3,2005-10-11,NULL,alive
223757,1,bci,Moraceae,Brosimum alicastrum,Brosimum,alicastrum,NULL,108,brosal,1250,4924,26.8,15,993.4,487.5,305739,449616,1,NA,main,6,6,15,1.3,2005-10-11,NULL,alive
242810,1,bci,Fabaceae-papilionoideae,Ormosia coccinea,Ormosia,coccinea,NULL,1146,ormocr,1250,4924,5.4,8.2,982.7,484.1,325619,549321,2,NA,main,6,6,10,1.3,2005-10-11,R,alive
242811,1,bci,Moraceae,Trophis racemosa,Trophis,racemosa,NULL,1040,tropra,1250,4924,14.2,33.8,987.1,496.9,325620,549322,1,NA,main,6,6,27,1.3,2005-10-11,NULL,alive
242812,1,bci,Meliaceae,Guarea grandifolia,Guarea,grandifolia,NULL,434,guargr,1250,4924,19,11.8,989.5,485.9,325621,549323,1,NA,main,6,6,20,1.3,2005-10-11,NULL,alive
242813,1,bci,Burseraceae,Protium tenuifolium,Protium,tenuifolium,NULL,828,protte,1250,4924,35.8,37,997.9,498.5,325622,549324,1,NA,main,6,6,16,1.3,2005-10-11,NULL,alive
242814,1,bci,Violaceae,Hybanthus prunifolius,Hybanthus,prunifolius,NULL,494,hybapr,1250,4924,35.2,6,997.6,483,325623,549325,1,NA,main,6,6,19,1.3,2005-10-11,NULL,alive
262406,1,bci,Fabaceae-mimosoideae,Inga pezizifera,Inga,pezizifera,NULL,516,ingape,1250,4924,36.8,1.6,998.4,480.8,343695,646582,1,NA,main,6,6,16,1.3,2005-10-11,NULL,alive
263525,1,bci,Piperaceae,Piper aequale,Piper,aequale,NULL,765,pipeae,1250,4924,5.4,22.4,982.7,491.2,344725,649372,1,NA,main,6,6,12,1.3,2005-10-11,L,alive
263526,1,bci,Annonaceae,Desmopsis panamensis,Desmopsis,panamensis,NULL,316,des2pa,1250,4924,8.6,29.4,984.3,494.7,344726,649373,1,NA,main,6,6,16,1.3,2005-10-11,NULL,alive
263527,1,bci,Meliaceae,Trichilia tuberculata,Trichilia,tuberculata,NULL,1169,tri2tu,1250,4924,9.2,38.4,984.6,499.2,344727,649374,1,NA,main,6,6,11,1.3,2005-10-11,NULL,alive
263528,1,bci,Clusiaceae,Calophyllum longifolium,Calophyllum,longifolium,NULL,135,calolo,1250,4924,15.4,24.4,987.7,492.2,344728,649375,1,NA,main,6,6,18,1.3,2005-10-11,NULL,alive
263529,1,bci,Meliaceae,Trichilia tuberculata,Trichilia,tuberculata,NULL,1169,tri2tu,1250,4924,11.2,24.2,985.6,492.1,344729,649376,3,NULL,main,6,6,17,1.3,2005-10-11,NULL,alive
263530,1,bci,Annonaceae,Mosannona garwoodii,Mosannona,garwoodii,NULL,1139,malmsp,1250,4924,17,7.6,988.5,483.8,344730,649377,2,NULL,main,6,6,18,1.3,2005-10-11,M,alive
263531,1,bci,Annonaceae,Mosannona garwoodii,Mosannona,garwoodii,NULL,1139,malmsp,1250,4924,17,7.6,988.5,483.8,344730,649377,3,NULL,secondary,6,6,12,1.3,2005-10-11,NULL,alive
263532,1,bci,Meliaceae,Guarea bullata,Guarea,bullata,NULL,1127,guarsp,1250,4924,24.4,7.8,992.2,483.9,344731,649378,1,NA,main,6,6,12,1.3,2005-10-11,NULL,alive
263533,1,bci,Clusiaceae,Garcinia intermedia,Garcinia,intermedia,NULL,1125,gar2in,1250,4924,27.4,8,993.7,484,344732,649379,1,NA,main,6,6,15,1.3,2005-10-11,NULL,alive
263534,1,bci,Myrsinaceae,Ardisia standleyana,Ardisia,standleyana,NULL,1448,ardife,1250,4924,25.6,6.4,992.8,483.2,344733,649380,1,NA,main,6,6,11,1.3,2005-10-11,L,alive
263535,1,bci,Meliaceae,Trichilia tuberculata,Trichilia,tuberculata,NULL,1169,tri2tu,1250,4924,24.6,11.2,992.3,485.6,344734,649381,2,NA,main,6,6,10,1.3,2005-10-11,R,alive
263536,1,bci,Rutaceae,Zanthoxylum acuminatum,Zanthoxylum,acuminatum,NULL,1099,zantpr,1250,4924,35.6,23.8,997.8,491.9,344735,649383,1,NA,main,6,6,12,1.3,2005-10-11,NULL,alive
288482,1,bci,Rubiaceae,Coussarea curvigemmia,Coussarea,curvigemmia,NULL,280,cou2cu,1250,4924,2.2,14,981.1,487,368119,749568,1,NA,main,6,6,13,1.3,2005-10-11,NULL,alive
288483,1,bci,Euphorbiaceae,Acalypha diversifolia,Acalypha,diversifolia,NULL,6,acaldi,1250,4924,10.8,21,985.4,490.5,368120,749569,1,NA,main,6,6,13,1.3,2005-10-11,NULL,alive
288484,1,bci,Rubiaceae,Psychotria horizontalis,Psychotria,horizontalis,NULL,850,psycho,1250,4924,10.4,24.4,985.2,492.2,368121,749570,1,NA,main,6,6,11,1.3,2005-10-11,NULL,alive
288485,1,bci,Annonaceae,Desmopsis panamensis,Desmopsis,panamensis,NULL,316,des2pa,1250,4924,32.8,17.8,996.4,488.9,368122,749571,1,NA,main,6,6,11,1.3,2005-10-11,NULL,alive
1,1,bci,Lecythidaceae,Gustavia superba,Gustavia,superba,NULL,460,gustsu,1250,4924,28.2,16.6,994.1,488.3,19,000002,1,NA,main,171,7,308,3,2010-09-13,"B,cylY",alive
2,1,bci,Myristicaceae,Virola surinamensis,Virola,surinamensis,NULL,1075,virosu,1250,4924,21,17.8,990.5,488.9,21,000004,1,NA,main,171,7,358,1.3,2010-09-24,NULL,alive
3,1,bci,Malvaceae,Quararibea asterolepis,Quararibea,asterolepis,NULL,871,quaras,1250,4924,27,36.6,993.5,498.3,23,000006,7,NULL,main,171,7,318,3,2010-09-13,"B,cylY",alive
8500,1,bci,Euphorbiaceae,Sapium glandulosum,Sapium,glandulosum,NULL,921,sapiau,1250,4924,1.2,9.8,980.6,484.9,10986,014886,1,NA,main,171,7,NA,NA,2010-09-24,"D,N",dead
8501,1,bci,Burseraceae,Trattinnickia aspera,Trattinnickia,aspera,NULL,1022,tratas,1250,4924,3.8,5,981.9,482.5,10987,014900,1,NA,main,171,7,486,1.3,2010-09-24,Q,alive
11627,1,bci,Bignoniaceae,Jacaranda copaia,Jacaranda,copaia,NULL,540,jac1co,1250,4924,8.2,26.4,984.1,493.2,15681,019761,1,NA,main,171,7,152,1.3,2010-09-24,NULL,alive
11628,1,bci,Sapotaceae,Chrysophyllum argenteum,Chrysophyllum,argenteum,NULL,1118,chr2ar,1250,4924,8.2,24.4,984.1,492.2,15682,019762,1,NA,main,171,7,54,1.3,2010-09-24,NULL,alive
11629,1,bci,Fabaceae-papilionoideae,Pterocarpus rohrii,Pterocarpus,rohrii,NULL,869,pterro,1250,4924,9,36,984.5,498,15683,019763,2,NA,main,171,7,NA,NA,2010-09-24,"D,N",dead
11630,1,bci,Violaceae,Hybanthus prunifolius,Hybanthus,prunifolius,NULL,494,hybapr,1250,4924,4.4,30.4,982.2,495.2,15684,019764,1,NA,main,171,7,26,1.3,2010-09-24,NULL,alive
11631,1,bci,Violaceae,Hybanthus prunifolius,Hybanthus,prunifolius,NULL,494,hybapr,1250,4924,10.4,31,985.2,495.5,15686,019766,7,NULL,main,171,7,NA,NA,2010-09-24,"D,T",dead
11632,1,bci,Violaceae,Hybanthus prunifolius,Hybanthus,prunifolius,NULL,494,hybapr,1250,4924,12,28.4,986,494.2,15687,019767,1,NA,main,171,7,32,1.3,2010-09-24,NULL,alive
11633,1,bci,Salicaceae,Laetia thamnia,Laetia,thamnia,NULL,553,laetth,1250,4924,13,29,986.5,494.5,15688,019768,1,NA,main,171,7,46,1.3,2010-09-24,NULL,alive
11634,1,bci,Violaceae,Hybanthus prunifolius,Hybanthus,prunifolius,NULL,494,hybapr,1250,4924,24.6,32.8,992.3,496.4,15689,019769,1,NA,main,171,7,NA,NA,2010-09-24,"D,T",dead
11635,1,bci,Chrysobalanaceae,Hirtella triandra,Hirtella,triandra,NULL,487,hirttr,1250,4924,29.6,39,994.8,499.5,15691,019771,1,NA,main,171,7,41,1.3,2010-09-24,NULL,alive
11636,1,bci,Meliaceae,Guarea guidonia,Guarea,guidonia,NULL,435,guargu,1250,4924,38.6,39.2,999.3,499.6,15694,019774,2,NA,main,171,7,NA,NA,2010-09-24,"D,T",dead
11637,1,bci,Violaceae,Hybanthus prunifolius,Hybanthus,prunifolius,NULL,494,hybapr,1250,4924,34,31.4,997,495.7,15695,019775,11,NULL,main,171,7,NA,NA,2010-09-24,"D,T",dead
11638,1,bci,Violaceae,Hybanthus prunifolius,Hybanthus,prunifolius,NULL,494,hybapr,1250,4924,38.4,10.6,999.2,485.3,15696,019776,1,NA,main,171,7,23,1.3,2010-09-24,NULL,alive
11639,1,bci,Malvaceae,Herrania purpurea,Herrania,purpurea,NULL,478,herrpu,1250,4924,39.4,11.8,999.7,485.9,15697,019777,4,NULL,main,171,7,32,1.3,2010-09-24,NULL,alive
11640,1,bci,Rubiaceae,Pentagonia macrophylla,Pentagonia,macrophylla,NULL,750,pentma,1250,4924,8.4,29,984.2,494.5,15698,019778,19,1,main,171,7,33,1.3,2010-09-24,NULL,alive
11641,1,bci,Rubiaceae,Pentagonia macrophylla,Pentagonia,macrophylla,NULL,750,pentma,1250,4924,8.4,29,984.2,494.5,15698,019778,20,2,secondary,171,7,24,1.3,2010-09-24,NULL,alive
80191,1,bci,Fabaceae-papilionoideae,Andira inermis,Andira,inermis,NULL,46,andiin,1250,4924,5,3.8,982.5,481.9,113203,129161,1,NA,main,171,7,48,1.3,2010-09-24,NULL,alive
80192,1,bci,Burseraceae,Protium costaricense,Protium,costaricense,NULL,825,protco,1250,4924,6,6.2,983,483.1,113204,129162,1,NA,main,171,7,NA,NA,2010-09-24,"D,N",dead
80193,1,bci,Meliaceae,Trichilia tuberculata,Trichilia,tuberculata,NULL,1169,tri2tu,1250,4924,4,7,982,483.5,113205,129163,1,NA,main,171,7,41,1.3,2010-09-24,NULL,alive
80194,1,bci,Fabaceae-papilionoideae,Swartzia simplex,Swartzia,simplex,var.ochnacea,980,swars2,1250,4924,9,5,984.5,482.5,113208,129166,1,NA,main,171,7,43,1.3,2010-09-24,NULL,alive
80195,1,bci,Fabaceae-caesalpinioideae,Tachigali versicolor,Tachigali,versicolor,NULL,995,tachve,1250,4924,4.4,13.2,982.2,486.6,113209,129167,10,1,main,171,7,32,1.3,2010-09-24,NULL,alive
80196,1,bci,Fabaceae-caesalpinioideae,Tachigali versicolor,Tachigali,versicolor,NULL,995,tachve,1250,4924,4.4,13.2,982.2,486.6,113209,129167,11,2,secondary,171,7,16,1.3,2010-09-24,NULL,alive
80197,1,bci,Myrsinaceae,Stylogyne turbacensis,Stylogyne,turbacensis,NULL,1166,stylst,1250,4924,2.4,13,981.2,486.5,113210,129168,8,NULL,main,171,7,NA,NA,2010-09-24,"D,N",dead
80198,1,bci,Rubiaceae,Psychotria horizontalis,Psychotria,horizontalis,NULL,850,psycho,1250,4924,4.8,28.2,982.4,494.1,113213,129172,2,NA,main,171,7,NA,NA,2010-09-24,"D,N",dead
80199,1,bci,Moraceae,Trophis caucana,Trophis,caucana,NULL,1170,olmeas,1250,4924,5.2,27.6,982.6,493.8,113214,129173,9,NULL,main,171,7,NA,NA,2010-09-24,"D,T",dead
80200,1,bci,Rubiaceae,Faramea occidentalis,Faramea,occidentalis,NULL,379,faraoc,1250,4924,0.6,30.2,980.3,495.1,113216,129175,1,NA,main,171,7,64,1.3,2010-09-24,NULL,alive
80201,1,bci,Violaceae,Hybanthus prunifolius,Hybanthus,prunifolius,NULL,494,hybapr,1250,4924,5,31.4,982.5,495.7,113217,129176,1,NA,main,171,7,27,1.3,2010-09-24,NULL,alive
80202,1,bci,Rubiaceae,Psychotria horizontalis,Psychotria,horizontalis,NULL,850,psycho,1250,4924,6.6,32,983.3,496,113218,129177,1,NA,main,171,7,28,1.3,2010-09-24,NULL,alive
80203,1,bci,Rubiaceae,Psychotria horizontalis,Psychotria,horizontalis,NULL,850,psycho,1250,4924,7.8,32.6,983.9,496.3,113219,129178,1,NA,main,171,7,NA,NA,2010-09-24,"D,T",dead
80204,1,bci,Myrsinaceae,Stylogyne turbacensis,Stylogyne,turbacensis,NULL,1166,stylst,1250,4924,8.6,33.6,984.3,496.8,113220,129179,2,NA,main,171,7,20,1.3,2010-09-24,NULL,alive
80205,1,bci,Boraginaceae,Cordia lasiocalyx,Cordia,lasiocalyx,NULL,269,cordla,1250,4924,5.2,33.6,982.6,496.8,113222,129181,1,NA,main,171,7,32,1.3,2010-09-24,NULL,alive
80206,1,bci,Sapindaceae,Talisia nervosa,Talisia,nervosa,NULL,998,taline,1250,4924,8,37.6,984,498.8,113225,129185,1,NA,main,171,7,28,1.3,2010-09-24,NULL,alive
80207,1,bci,Burseraceae,Tetragastris panamensis,Tetragastris,panamensis,NULL,1007,tet2pa,1250,4924,7.8,38.2,983.9,499.1,113227,129187,1,NA,main,171,7,46,1.3,2010-09-24,NULL,alive
80208,1,bci,Meliaceae,Trichilia tuberculata,Trichilia,tuberculata,NULL,1169,tri2tu,1250,4924,6,37.6,983,498.8,113228,129189,1,NA,main,171,7,34,1.3,2010-09-24,NULL,alive
80209,1,bci,Burseraceae,Protium tenuifolium,Protium,tenuifolium,NULL,828,protte,1250,4924,1,39.6,980.5,499.8,113229,129190,1,NA,main,171,7,79,1.3,2010-09-24,NULL,alive
80210,1,bci,Meliaceae,Trichilia tuberculata,Trichilia,tuberculata,NULL,1169,tri2tu,1250,4924,1.6,39.2,980.8,499.6,113230,129191,1,NA,main,171,7,40,1.3,2010-09-24,NULL,alive
80211,1,bci,Rubiaceae,Faramea occidentalis,Faramea,occidentalis,NULL,379,faraoc,1250,4924,0.8,37.2,980.4,498.6,113231,129192,2,NA,main,171,7,17,1.3,2010-09-24,NULL,alive
80212,1,bci,Violaceae,Hybanthus prunifolius,Hybanthus,prunifolius,NULL,494,hybapr,1250,4924,10.6,36.4,985.3,498.2,113233,129194,1,NA,main,171,7,21,1.3,2010-09-24,NULL,alive
80213,1,bci,Violaceae,Hybanthus prunifolius,Hybanthus,prunifolius,NULL,494,hybapr,1250,4924,12,34.8,986,497.4,113235,129196,1,NA,main,171,7,16,1.3,2010-09-24,NULL,alive
80214,1,bci,Siparunaceae,Siparuna pauciflora,Siparuna,pauciflora,NULL,940,sipapa,1250,4924,14,33.6,987,496.8,113236,129197,23,NULL,main,171,7,NA,NA,2010-09-24,"D,T",dead
80215,1,bci,Moraceae,Sorocea affinis,Sorocea,affinis,NULL,958,soroaf,1250,4924,14.8,39.4,987.4,499.7,113240,129202,1,NA,main,171,7,47,1.3,2010-09-24,NULL,alive
80216,1,bci,Meliaceae,Trichilia tuberculata,Trichilia,tuberculata,NULL,1169,tri2tu,1250,4924,14,26.4,987,493.2,113244,129206,1,NA,main,171,7,35,1.3,2010-09-24,NULL,alive
80217,1,bci,Malvaceae,Quararibea asterolepis,Quararibea,asterolepis,NULL,871,quaras,1250,4924,17,27,988.5,493.5,113245,129207,1,NA,main,171,7,21,1.3,2010-09-24,NULL,alive
80218,1,bci,Clusiaceae,Chrysochlamys eclipes,Chrysochlamys,eclipes,NULL,198,chr1ec,1250,4924,12.2,6.4,986.1,483.2,113250,129215,14,1,main,171,7,79,1.3,2010-09-24,M,alive
80219,1,bci,Clusiaceae,Chrysochlamys eclipes,Chrysochlamys,eclipes,NULL,198,chr1ec,1250,4924,12.2,6.4,986.1,483.2,113250,129215,15,2,secondary,171,7,14,1.3,2010-09-24,NULL,alive
80220,1,bci,Clusiaceae,Chrysochlamys eclipes,Chrysochlamys,eclipes,NULL,198,chr1ec,1250,4924,12.2,6.4,986.1,483.2,113250,129215,16,3,secondary,171,7,11,1.3,2010-09-24,NULL,alive
80221,1,bci,Violaceae,Hybanthus prunifolius,Hybanthus,prunifolius,NULL,494,hybapr,1250,4924,13,8.4,986.5,484.2,113251,129216,7,1,main,171,7,21,1.3,2010-09-24,NULL,alive
80222,1,bci,Violaceae,Hybanthus prunifolius,Hybanthus,prunifolius,NULL,494,hybapr,1250,4924,13,8.4,986.5,484.2,113251,129216,8,2,secondary,171,7,18,1.3,2010-09-24,NULL,alive
80223,1,bci,Fabaceae-papilionoideae,Pterocarpus rohrii,Pterocarpus,rohrii,NULL,869,pterro,1250,4924,22.2,3.8,991.1,481.9,113252,129217,1,NA,main,171,7,81,1.3,2010-09-24,NULL,alive
80224,1,bci,Arecaceae,Oenocarpus mapora,Oenocarpus,mapora,NULL,1145,oenoma,1250,4924,25,3.2,992.5,481.6,113253,129218,38,1,main,171,7,112,1.3,2010-09-24,R,alive
80225,1,bci,Arecaceae,Oenocarpus mapora,Oenocarpus,mapora,NULL,1145,oenoma,1250,4924,25,3.2,992.5,481.6,113253,129218,39,2,secondary,171,7,107,1.3,2010-09-24,NULL,alive
80226,1,bci,Arecaceae,Oenocarpus mapora,Oenocarpus,mapora,NULL,1145,oenoma,1250,4924,25,3.2,992.5,481.6,113253,129218,40,3,secondary,171,7,98,1.3,2010-09-24,NULL,alive
80227,1,bci,Arecaceae,Oenocarpus mapora,Oenocarpus,mapora,NULL,1145,oenoma,1250,4924,25,3.2,992.5,481.6,113253,129218,41,NULL,secondary,171,7,97,1.3,2010-09-24,NULL,alive
80228,1,bci,Arecaceae,Oenocarpus mapora,Oenocarpus,mapora,NULL,1145,oenoma,1250,4924,25,3.2,992.5,481.6,113253,129218,42,NULL,secondary,171,7,91,1.3,2010-09-24,NULL,alive
80229,1,bci,Burseraceae,Tetragastris panamensis,Tetragastris,panamensis,NULL,1007,tet2pa,1250,4924,23.6,9,991.8,484.5,113255,129220,1,NA,main,171,7,147,1.3,2010-09-24,NULL,alive
80230,1,bci,Capparaceae,Capparis frondosa,Capparis,frondosa,NULL,149,cappfr,1250,4924,23,9.6,991.5,484.8,113256,129221,8,1,main,171,7,31,1.3,2010-09-24,NULL,alive
80231,1,bci,Capparaceae,Capparis frondosa,Capparis,frondosa,NULL,149,cappfr,1250,4924,23,9.6,991.5,484.8,113256,129221,9,2,secondary,171,7,14,1.3,2010-09-24,NULL,alive
80232,1,bci,Meliaceae,Trichilia tuberculata,Trichilia,tuberculata,NULL,1169,tri2tu,1250,4924,22.4,9.2,991.2,484.6,113257,129222,1,NA,main,171,7,18,1.3,2010-09-24,NULL,alive
80233,1,bci,Chrysobalanaceae,Hirtella triandra,Hirtella,triandra,NULL,487,hirttr,1250,4924,21,10.2,990.5,485.1,113259,129224,6,1,main,171,7,46,1.3,2010-09-24,NULL,alive
80234,1,bci,Chrysobalanaceae,Hirtella triandra,Hirtella,triandra,NULL,487,hirttr,1250,4924,21,10.2,990.5,485.1,113259,129224,7,2,secondary,171,7,40,1.3,2010-09-24,NULL,alive
80235,1,bci,Erythropalaceae,Heisteria concinna,Heisteria,concinna,NULL,469,heisco,1250,4924,21.6,10,990.8,485,113260,129225,1,NA,main,171,7,44,1.3,2010-09-24,NULL,alive
80236,1,bci,Annonaceae,Desmopsis panamensis,Desmopsis,panamensis,NULL,316,des2pa,1250,4924,29.6,10.8,994.8,485.4,113264,129229,9,1,main,171,7,22,1.3,2010-09-24,NULL,alive
80237,1,bci,Annonaceae,Desmopsis panamensis,Desmopsis,panamensis,NULL,316,des2pa,1250,4924,29.6,10.8,994.8,485.4,113264,129229,10,2,secondary,171,7,13,1.3,2010-09-24,NULL,alive
80238,1,bci,Moraceae,Brosimum alicastrum,Brosimum,alicastrum,NULL,108,brosal,1250,4924,29.2,11,994.6,485.5,113265,129230,1,NA,main,171,7,46,1.3,2010-09-24,NULL,alive
80239,1,bci,Ochnaceae,Ouratea lucens,Ouratea,lucens,NULL,729,ouralu,1250,4924,28.2,13.8,994.1,486.9,113266,129231,1,NA,main,171,7,24,1.3,2010-09-24,NULL,alive
80240,1,bci,Rubiaceae,Faramea occidentalis,Faramea,occidentalis,NULL,379,faraoc,1250,4924,29,14,994.5,487,113267,129232,1,NA,main,171,7,37,1.3,2010-09-24,NULL,alive
80241,1,bci,Myrtaceae,Eugenia galalonensis,Eugenia,galalonensis,NULL,360,eugega,1250,4924,30.4,17,995.2,488.5,113268,129233,1,NA,main,171,7,30,1.3,2010-09-24,NULL,alive
80242,1,bci,Myristicaceae,Virola surinamensis,Virola,surinamensis,NULL,1075,virosu,1250,4924,27,14.8,993.5,487.4,113269,129234,1,NA,main,171,7,333,3,2010-09-13,"B,cylY",alive
80243,1,bci,Moraceae,Brosimum alicastrum,Brosimum,alicastrum,NULL,108,brosal,1250,4924,26,18,993,489,113271,129236,1,NA,main,171,7,49,1.3,2010-09-24,NULL,alive
80244,1,bci,Meliaceae,Trichilia tuberculata,Trichilia,tuberculata,NULL,1169,tri2tu,1250,4924,26,18.6,993,489.3,113272,129237,3,NULL,main,171,7,32,1.3,2010-09-24,NULL,alive
80245,1,bci,Moraceae,Poulsenia armata,Poulsenia,armata,NULL,802,poular,1250,4924,24,19.6,992,489.8,113273,129238,1,NA,main,171,7,53,1.3,2010-09-24,NULL,alive
80246,1,bci,Moraceae,Sorocea affinis,Sorocea,affinis,NULL,958,soroaf,1250,4924,27.8,18.6,993.9,489.3,113275,129241,1,NA,main,171,7,14,1.3,2010-09-24,NULL,alive
80247,1,bci,Myristicaceae,Virola sebifera,Virola,sebifera,NULL,1072,virose,1250,4924,28.8,22.2,994.4,491.1,113276,129242,1,NA,main,171,7,NA,NA,2010-09-24,"D,T",dead
80248,1,bci,Fabaceae-papilionoideae,Swartzia simplex,Swartzia,simplex,var.ochnacea,980,swars2,1250,4924,27,23,993.5,491.5,113277,129243,1,NA,main,171,7,22,1.3,2010-09-24,NULL,alive
80249,1,bci,Rubiaceae,Faramea occidentalis,Faramea,occidentalis,NULL,379,faraoc,1250,4924,29.4,23.4,994.7,491.7,113278,129244,1,NA,main,171,7,26,1.3,2010-09-24,NULL,alive
80250,1,bci,Rubiaceae,Faramea occidentalis,Faramea,occidentalis,NULL,379,faraoc,1250,4924,24.4,28,992.2,494,113280,129246,1,NA,main,171,7,NA,NA,2010-09-24,"D,N",dead
80251,1,bci,Chrysobalanaceae,Hirtella triandra,Hirtella,triandra,NULL,487,hirttr,1250,4924,21.8,27,990.9,493.5,113281,129247,1,NA,main,171,7,126,1.3,2010-09-24,NULL,alive
80252,1,bci,Rubiaceae,Alseis blackiana,Alseis,blackiana,NULL,33,alsebl,1250,4924,22.4,26.8,991.2,493.4,113282,129248,1,NA,main,171,7,225,1.3,2010-09-24,NULL,alive
80253,1,bci,Sapindaceae,Talisia nervosa,Talisia,nervosa,NULL,998,taline,1250,4924,27.6,30.2,993.8,495.1,113285,129251,1,NA,main,171,7,34,1.3,2010-09-24,NULL,alive
80254,1,bci,Violaceae,Hybanthus prunifolius,Hybanthus,prunifolius,NULL,494,hybapr,1250,4924,28.2,39.4,994.1,499.7,113288,129255,1,NA,main,171,7,29,1.3,2010-09-24,NULL,alive
80255,1,bci,Salicaceae,Casearia aculeata,Casearia,aculeata,NULL,158,caseac,1250,4924,24.4,39.2,992.2,499.6,113289,129256,8,NULL,main,171,7,NA,NA,2010-09-24,"D,T",dead
80256,1,bci,Fabaceae-papilionoideae,Ormosia coccinea,Ormosia,coccinea,NULL,1146,ormocr,1250,4924,25.8,38,992.9,499,113290,129257,2,NA,main,171,7,11,1.3,2010-09-24,NULL,alive
80257,1,bci,Fabaceae-mimosoideae,Inga pezizifera,Inga,pezizifera,NULL,516,ingape,1250,4924,32.8,31.6,996.4,495.8,113292,129259,1,NA,main,171,7,NA,NA,2010-09-24,"D,T",dead
80258,1,bci,Chrysobalanaceae,Hirtella triandra,Hirtella,triandra,NULL,487,hirttr,1250,4924,32.2,30,996.1,495,113294,129261,1,NA,main,171,7,36,1.2,2010-09-24,NULL,alive
80259,1,bci,Burseraceae,Protium panamense,Protium,panamense,NULL,827,protpa,1250,4924,39.4,31.4,999.7,495.7,113296,129263,1,NA,main,171,7,32,1.3,2010-09-24,NULL,alive
80260,1,bci,Rubiaceae,Pentagonia macrophylla,Pentagonia,macrophylla,NULL,750,pentma,1250,4924,36.6,36.8,998.3,498.4,113298,129265,1,NA,main,171,7,27,1.3,2010-09-24,NULL,alive
80261,1,bci,Rubiaceae,Faramea occidentalis,Faramea,occidentalis,NULL,379,faraoc,1250,4924,32.4,21.8,996.2,490.9,113300,129267,1,NA,main,171,7,46,1.3,2010-09-24,NULL,alive
80262,1,bci,Chrysobalanaceae,Hirtella triandra,Hirtella,triandra,NULL,487,hirttr,1250,4924,35.8,19.6,997.9,489.8,113304,129271,1,NA,main,171,7,205,1.3,2010-09-24,NULL,alive
80263,1,bci,Violaceae,Hybanthus prunifolius,Hybanthus,prunifolius,NULL,494,hybapr,1250,4924,32.4,18.4,996.2,489.2,113305,129272,11,NULL,main,171,7,41,1.3,2010-09-24,NULL,alive
80264,1,bci,Malvaceae,Quararibea asterolepis,Quararibea,asterolepis,NULL,871,quaras,1250,4924,32.8,13.8,996.4,486.9,113307,129274,1,NA,main,171,7,52,1.3,2010-09-24,NULL,alive
80265,1,bci,Myristicaceae,Virola sebifera,Virola,sebifera,NULL,1072,virose,1250,4924,32.4,10.2,996.2,485.1,113308,129275,1,NA,main,171,7,39,1.3,2010-09-24,NULL,alive
80266,1,bci,Clusiaceae,Chrysochlamys eclipes,Chrysochlamys,eclipes,NULL,198,chr1ec,1250,4924,38.2,11.4,999.1,485.7,113312,129279,2,NA,main,171,7,NA,NA,2010-09-24,"D,N",dead
80267,1,bci,Violaceae,Hybanthus prunifolius,Hybanthus,prunifolius,NULL,494,hybapr,1250,4924,38.4,10.2,999.2,485.1,113313,129280,1,NA,main,171,7,22,1.3,2010-09-24,NULL,alive
80268,1,bci,Moraceae,Sorocea affinis,Sorocea,affinis,NULL,958,soroaf,1250,4924,38.2,2,999.1,481,113319,129286,1,NA,main,171,7,48,1.3,2010-09-24,NULL,alive
80269,1,bci,Elaeocarpaceae,Sloanea terniflora,Sloanea,terniflora,NULL,1162,sloate,1250,4924,37.8,2.2,998.9,481.1,113320,129287,1,NA,main,171,7,170,1.3,2010-09-24,NULL,alive
192461,1,bci,Meliaceae,Trichilia tuberculata,Trichilia,tuberculata,NULL,1169,tri2tu,1250,4924,4.6,5.4,982.3,482.7,268468,314569,1,NA,main,171,7,35,1.3,2010-09-24,NULL,alive
192462,1,bci,Rutaceae,Zanthoxylum acuminatum,Zanthoxylum,acuminatum,NULL,1099,zantpr,1250,4924,4.2,7.2,982.1,483.6,268469,314570,1,NA,main,171,7,36,1.3,2010-09-24,NULL,alive
192463,1,bci,Rubiaceae,Pentagonia macrophylla,Pentagonia,macrophylla,NULL,750,pentma,1250,4924,5,16.8,982.5,488.4,268470,314571,1,NA,main,171,7,NA,NA,2010-09-24,"D,N",dead
192464,1,bci,Chrysobalanaceae,Hirtella triandra,Hirtella,triandra,NULL,487,hirttr,1250,4924,7.8,27.4,983.9,493.7,268473,314574,1,NA,main,171,7,NA,NA,2010-09-24,"D,T",dead
192465,1,bci,Piperaceae,Piper aequale,Piper,aequale,NULL,765,pipeae,1250,4924,3.2,22.8,981.6,491.4,268477,314578,16,1,main,171,7,33,1.3,2010-09-24,NULL,alive
192466,1,bci,Piperaceae,Piper aequale,Piper,aequale,NULL,765,pipeae,1250,4924,3.2,22.8,981.6,491.4,268477,314578,17,2,secondary,171,7,33,1.3,2010-09-24,NULL,alive
192467,1,bci,Piperaceae,Piper aequale,Piper,aequale,NULL,765,pipeae,1250,4924,3.2,22.8,981.6,491.4,268477,314578,18,3,secondary,171,7,21,1.3,2010-09-24,NULL,alive
192468,1,bci,Piperaceae,Piper aequale,Piper,aequale,NULL,765,pipeae,1250,4924,3.2,22.8,981.6,491.4,268477,314578,19,4,secondary,171,7,19,1.3,2010-09-24,NULL,alive
192469,1,bci,Piperaceae,Piper aequale,Piper,aequale,NULL,765,pipeae,1250,4924,3.2,22.8,981.6,491.4,268477,314578,20,5,secondary,171,7,15,1.3,2010-09-24,NULL,alive
192470,1,bci,Piperaceae,Piper aequale,Piper,aequale,NULL,765,pipeae,1250,4924,3.2,22.8,981.6,491.4,268477,314578,21,6,secondary,171,7,15,1.3,2010-09-24,NULL,alive
192471,1,bci,Piperaceae,Piper aequale,Piper,aequale,NULL,765,pipeae,1250,4924,3.2,22.8,981.6,491.4,268477,314578,22,7,secondary,171,7,14,1.3,2010-09-24,NULL,alive
192472,1,bci,Burseraceae,Tetragastris panamensis,Tetragastris,panamensis,NULL,1007,tet2pa,1250,4924,6.4,23.4,983.2,491.7,268478,314579,1,NA,main,171,7,29,1.3,2010-09-24,NULL,alive
192473,1,bci,Rubiaceae,Faramea occidentalis,Faramea,occidentalis,NULL,379,faraoc,1250,4924,9.8,26.6,984.9,493.3,268479,314580,4,NULL,main,171,7,44,1.3,2010-09-24,NULL,alive
192474,1,bci,Fabaceae-papilionoideae,Dipteryx oleifera,Dipteryx,oleifera,NULL,1123,diptpa,1250,4924,5.4,37,982.7,498.5,268485,314586,1,NA,main,171,7,NA,NA,2010-09-24,"D,T",dead
192475,1,bci,Violaceae,Hybanthus prunifolius,Hybanthus,prunifolius,NULL,494,hybapr,1250,4924,14,30.2,987,495.1,268486,314587,1,NA,main,171,7,16,1.3,2010-09-24,NULL,alive
192476,1,bci,Rubiaceae,Psychotria horizontalis,Psychotria,horizontalis,NULL,850,psycho,1250,4924,13.4,26.4,986.7,493.2,268487,314588,4,NULL,main,171,7,15,1.3,2010-09-24,NULL,alive
192477,1,bci,Boraginaceae,Cordia alliodora,Cordia,alliodora,NULL,262,cordal,1250,4924,10.8,18.6,985.4,489.3,268491,314592,1,NA,main,171,7,32,1.3,2010-09-24,NULL,alive
192478,1,bci,Clusiaceae,Marila laxiflora,Marila,laxiflora,NULL,610,mar1la,1250,4924,3.8,22.4,981.9,491.2,268493,314594,2,NA,main,171,7,15,1.3,2010-09-24,NULL,alive
192479,1,bci,Lacistemataceae,Lacistema aggregatum,Lacistema,aggregatum,NULL,548,laciag,1250,4924,23.2,4.2,991.6,482.1,268494,314595,1,NA,main,171,7,27,1.3,2010-09-24,NULL,alive
192480,1,bci,Meliaceae,Trichilia tuberculata,Trichilia,tuberculata,NULL,1169,tri2tu,1250,4924,26,9.8,993,484.9,268495,314596,4,1,main,171,7,17,1.3,2010-09-24,NULL,alive
192481,1,bci,Meliaceae,Trichilia tuberculata,Trichilia,tuberculata,NULL,1169,tri2tu,1250,4924,26,9.8,993,484.9,268495,314596,5,2,secondary,171,7,16,1.3,2010-09-24,NULL,alive
192482,1,bci,Meliaceae,Trichilia tuberculata,Trichilia,tuberculata,NULL,1169,tri2tu,1250,4924,27.6,16.4,993.8,488.2,268496,314597,2,NA,main,171,7,NA,NA,2010-09-24,"D,T",dead
192483,1,bci,Violaceae,Hybanthus prunifolius,Hybanthus,prunifolius,NULL,494,hybapr,1250,4924,29.6,14,994.8,487,268497,314598,1,NA,main,171,7,11,1.3,2010-09-24,NULL,alive
192484,1,bci,Meliaceae,Trichilia tuberculata,Trichilia,tuberculata,NULL,1169,tri2tu,1250,4924,30.6,34,995.3,497,268499,314600,1,NA,main,171,7,NA,NA,2010-09-24,"D,T",dead
192485,1,bci,Chrysobalanaceae,Licania platypus,Licania,platypus,NULL,572,licapl,1250,4924,30.8,34.6,995.4,497.3,268500,314601,1,NA,main,171,7,NA,NA,2010-09-24,"D,N",dead
192486,1,bci,Fabaceae-papilionoideae,Swartzia simplex,Swartzia,simplex,var.ochnacea,980,swars2,1250,4924,32.2,32,996.1,496,268501,314602,1,NA,main,171,7,15,1.3,2010-09-24,NULL,alive
192487,1,bci,Moraceae,Maquira guianensis,Maquira,guianensis,NULL,1137,maquco,1250,4924,32.2,32,996.1,496,268502,314603,1,NA,main,171,7,18,1.3,2010-09-24,NULL,alive
192488,1,bci,Violaceae,Hybanthus prunifolius,Hybanthus,prunifolius,NULL,494,hybapr,1250,4924,36.4,34.6,998.2,497.3,268505,314606,1,NA,main,171,7,19,1.3,2010-09-24,NULL,alive
192489,1,bci,Meliaceae,Guarea guidonia,Guarea,guidonia,NULL,435,guargu,1250,4924,34.4,39.6,997.2,499.8,268507,314608,1,NA,main,171,7,19,1.3,2010-09-24,NULL,alive
192490,1,bci,Fabaceae-mimosoideae,Inga pezizifera,Inga,pezizifera,NULL,516,ingape,1250,4924,33.8,37.6,996.9,498.8,268508,314609,1,NA,main,171,7,40,1.3,2010-09-24,NULL,alive
192491,1,bci,Clusiaceae,Calophyllum longifolium,Calophyllum,longifolium,NULL,135,calolo,1250,4924,39.4,29.2,999.7,494.6,268509,314610,2,NA,main,171,7,NA,NA,2010-09-24,OR,alive
192492,1,bci,Meliaceae,Trichilia tuberculata,Trichilia,tuberculata,NULL,1169,tri2tu,1250,4924,39.8,28.8,999.9,494.4,268510,314611,1,NA,main,171,7,15,1.3,2010-09-24,NULL,alive
192493,1,bci,Myrsinaceae,Stylogyne turbacensis,Stylogyne,turbacensis,NULL,1166,stylst,1250,4924,32.6,25.4,996.3,492.7,268511,314612,2,NULL,main,171,7,NA,NA,2010-09-24,R,alive
192494,1,bci,Burseraceae,Protium tenuifolium,Protium,tenuifolium,NULL,828,protte,1250,4924,31.2,19.6,995.6,489.8,268512,314613,1,NA,main,171,7,14,1.3,2010-09-24,NULL,alive
192495,1,bci,Fabaceae-mimosoideae,Inga pezizifera,Inga,pezizifera,NULL,516,ingape,1250,4924,39.6,18,999.8,489,268513,314614,2,NA,main,171,7,NA,NA,2010-09-24,"D,N",dead
192496,1,bci,Rubiaceae,Faramea occidentalis,Faramea,occidentalis,NULL,379,faraoc,1250,4924,38,18.8,999,489.4,268514,314615,1,NA,main,171,7,21,1.3,2010-09-24,NULL,alive
223766,1,bci,Violaceae,Hybanthus prunifolius,Hybanthus,prunifolius,NULL,494,hybapr,1250,4924,6.8,38.6,983.4,499.3,305732,449609,1,NA,main,171,7,NA,NA,2010-09-24,"D,T",dead
223767,1,bci,Burseraceae,Protium panamense,Protium,panamense,NULL,827,protpa,1250,4924,12,34,986,497,305733,449610,1,NA,main,171,7,25,1.3,2010-09-24,NULL,alive
223768,1,bci,Rubiaceae,Pentagonia macrophylla,Pentagonia,macrophylla,NULL,750,pentma,1250,4924,10.6,23.8,985.3,491.9,305734,449611,1,NA,main,171,7,18,1.3,2010-09-24,NULL,alive
223769,1,bci,Violaceae,Hybanthus prunifolius,Hybanthus,prunifolius,NULL,494,hybapr,1250,4924,10.6,21.8,985.3,490.9,305735,449612,1,NA,main,171,7,22,1.3,2010-09-24,NULL,alive
223770,1,bci,Meliaceae,Trichilia tuberculata,Trichilia,tuberculata,NULL,1169,tri2tu,1250,4924,26.2,9.6,993.1,484.8,305738,449615,7,NULL,main,171,7,28,1.3,2010-09-24,NULL,alive
223771,1,bci,Moraceae,Brosimum alicastrum,Brosimum,alicastrum,NULL,108,brosal,1250,4924,26.8,15,993.4,487.5,305739,449616,1,NA,main,171,7,16,1.3,2010-09-24,NULL,alive
243078,1,bci,Fabaceae-papilionoideae,Ormosia coccinea,Ormosia,coccinea,NULL,1146,ormocr,1250,4924,5.4,8.2,982.7,484.1,325619,549321,2,NA,main,171,7,10,1.3,2010-09-24,NULL,alive
243079,1,bci,Moraceae,Trophis racemosa,Trophis,racemosa,NULL,1040,tropra,1250,4924,14.2,33.8,987.1,496.9,325620,549322,1,NA,main,171,7,26,1.3,2010-09-24,NULL,alive
243080,1,bci,Meliaceae,Guarea grandifolia,Guarea,grandifolia,NULL,434,guargr,1250,4924,19,11.8,989.5,485.9,325621,549323,1,NA,main,171,7,21,1.3,2010-09-24,NULL,alive
243081,1,bci,Burseraceae,Protium tenuifolium,Protium,tenuifolium,NULL,828,protte,1250,4924,35.8,37,997.9,498.5,325622,549324,1,NA,main,171,7,19,1.3,2010-09-24,NULL,alive
243082,1,bci,Violaceae,Hybanthus prunifolius,Hybanthus,prunifolius,NULL,494,hybapr,1250,4924,35.2,6,997.6,483,325623,549325,1,NA,main,171,7,22,1.3,2010-09-24,NULL,alive
262799,1,bci,Fabaceae-mimosoideae,Inga pezizifera,Inga,pezizifera,NULL,516,ingape,1250,4924,36.8,1.6,998.4,480.8,343695,646582,1,NA,main,171,7,20,1.3,2010-09-24,NULL,alive
263943,1,bci,Piperaceae,Piper aequale,Piper,aequale,NULL,765,pipeae,1250,4924,5.4,22.4,982.7,491.2,344725,649372,1,NA,main,171,7,15,1.3,2010-09-24,NULL,alive
263944,1,bci,Annonaceae,Desmopsis panamensis,Desmopsis,panamensis,NULL,316,des2pa,1250,4924,8.6,29.4,984.3,494.7,344726,649373,1,NA,main,171,7,20,1.3,2010-09-24,NULL,alive
263945,1,bci,Meliaceae,Trichilia tuberculata,Trichilia,tuberculata,NULL,1169,tri2tu,1250,4924,9.2,38.4,984.6,499.2,344727,649374,1,NA,main,171,7,11,1.3,2010-09-24,NULL,alive
263946,1,bci,Clusiaceae,Calophyllum longifolium,Calophyllum,longifolium,NULL,135,calolo,1250,4924,15.4,24.4,987.7,492.2,344728,649375,1,NA,main,171,7,26,1.3,2010-09-24,NULL,alive
263947,1,bci,Meliaceae,Trichilia tuberculata,Trichilia,tuberculata,NULL,1169,tri2tu,1250,4924,11.2,24.2,985.6,492.1,344729,649376,3,NULL,main,171,7,22,1.3,2010-09-24,NULL,alive
263948,1,bci,Annonaceae,Mosannona garwoodii,Mosannona,garwoodii,NULL,1139,malmsp,1250,4924,17,7.6,988.5,483.8,344730,649377,3,NULL,main,171,7,29,1.3,2010-09-24,NULL,alive
263949,1,bci,Meliaceae,Guarea bullata,Guarea,bullata,NULL,1127,guarsp,1250,4924,24.4,7.8,992.2,483.9,344731,649378,1,NA,main,171,7,14,1.3,2010-09-24,NULL,alive
263950,1,bci,Clusiaceae,Garcinia intermedia,Garcinia,intermedia,NULL,1125,gar2in,1250,4924,27.4,8,993.7,484,344732,649379,1,NA,main,171,7,20,1.3,2010-09-24,NULL,alive
263951,1,bci,Myrsinaceae,Ardisia standleyana,Ardisia,standleyana,NULL,1448,ardife,1250,4924,25.6,6.4,992.8,483.2,344733,649380,1,NA,main,171,7,13,1.3,2010-09-24,NULL,alive
263952,1,bci,Meliaceae,Trichilia tuberculata,Trichilia,tuberculata,NULL,1169,tri2tu,1250,4924,24.6,11.2,992.3,485.6,344734,649381,2,NA,main,171,7,14,1.3,2010-09-24,NULL,alive
263953,1,bci,Rutaceae,Zanthoxylum acuminatum,Zanthoxylum,acuminatum,NULL,1099,zantpr,1250,4924,35.6,23.8,997.8,491.9,344735,649383,1,NA,main,171,7,17,1.3,2010-09-24,NULL,alive
289545,1,bci,Rubiaceae,Coussarea curvigemmia,Coussarea,curvigemmia,NULL,280,cou2cu,1250,4924,2.2,14,981.1,487,368119,749568,1,NA,main,171,7,13,1.3,2010-09-24,L,alive
289546,1,bci,Euphorbiaceae,Acalypha diversifolia,Acalypha,diversifolia,NULL,6,acaldi,1250,4924,10.8,21,985.4,490.5,368120,749569,2,NULL,main,171,7,NA,NA,2010-09-24,R,alive
289547,1,bci,Rubiaceae,Psychotria horizontalis,Psychotria,horizontalis,NULL,850,psycho,1250,4924,10.4,24.4,985.2,492.2,368121,749570,1,NA,main,171,7,14,1.3,2010-09-24,NULL,alive
289548,1,bci,Annonaceae,Desmopsis panamensis,Desmopsis,panamensis,NULL,316,des2pa,1250,4924,32.8,17.8,996.4,488.9,368122,749571,1,NA,main,171,7,13,1.3,2010-09-24,NULL,alive
318183,1,bci,Apocynaceae,Tabernaemontana arborea,Tabernaemontana,arborea,NULL,990,tab2ar,1250,4924,19.2,31.839999999999996,989.6,495.92,481558,849452,1,NULL,main,171,7,11,1.3,2010-09-24,NULL,alive
318184,1,bci,Violaceae,Hybanthus prunifolius,Hybanthus,prunifolius,NULL,494,hybapr,1250,4924,15.76,26.839999999999996,987.88,493.42,481559,849453,1,NULL,main,171,7,10,1.3,2010-09-24,NULL,alive
318185,1,bci,Melastomataceae,Conostegia cinnamomea,Conostegia,cinnamomea,NULL,255,conoci,1250,4924,14.52,23.08,987.26,491.54,481560,849454,1,NULL,main,171,7,11,1.3,2010-09-24,NULL,alive
318186,1,bci,Rubiaceae,Psychotria marginata,Psychotria,marginata,NULL,853,psycma,1250,4924,11.66,19.76,985.83,489.88,481561,849455,1,NULL,main,171,7,14,1.3,2010-09-24,NULL,alive
318187,1,bci,Chrysobalanaceae,Hirtella triandra,Hirtella,triandra,NULL,487,hirttr,1250,4924,11.84,8.08,985.92,484.04,481562,849456,1,NULL,main,171,7,15,1.3,2010-09-24,NULL,alive
318188,1,bci,Rubiaceae,Psychotria marginata,Psychotria,marginata,NULL,853,psycma,1250,4924,22.04,30.98,991.02,495.49,481563,849457,1,NULL,main,171,7,13,1.3,2010-09-24,NULL,alive
318189,1,bci,Meliaceae,Trichilia tuberculata,Trichilia,tuberculata,NULL,1169,tri2tu,1250,4924,32.42,37.38,996.21,498.69,481564,849458,1,NULL,main,171,7,12,1.3,2010-09-24,NULL,alive
318190,1,bci,Fabaceae-papilionoideae,Swartzia simplex,Swartzia,simplex,var.ochnacea,980,swars2,1250,4924,34.78,33.06,997.39,496.53,481565,849459,1,NULL,main,171,7,12,1.3,2010-09-24,NULL,alive
318191,1,bci,Violaceae,Hybanthus prunifolius,Hybanthus,prunifolius,NULL,494,hybapr,1250,4924,30.4,21.72,995.2,490.86,481566,849460,1,NULL,main,171,7,11,1.3,2010-09-24,NULL,alive
318192,1,bci,Burseraceae,Protium panamense,Protium,panamense,NULL,827,protpa,1250,4924,38.08,22.56,999.04,491.28,481567,849461,1,NULL,main,171,7,11,1.3,2010-09-24,NULL,alive
318193,1,bci,Violaceae,Hybanthus prunifolius,Hybanthus,prunifolius,NULL,494,hybapr,1250,4924,35.76,6.480000000000001,997.88,483.24,481568,849462,1,NULL,main,171,7,11,1.3,2010-09-24,NULL,alive
